person_id,alias,normalized_alias,source,active,notes
skv-p000001,Ådne Andersen,adne andersen,auto_result_name,true,
skv-p000002,Ådne Andersen Andersen,adne andersen andersen,auto_result_name,true,
skv-p000003,Ådne Dyrnesli,adne dyrnesli,auto_result_name,true,
skv-p000004,Ådne Sandvik Dyrnesli,adne sandvik dyrnesli,auto_result_name,true,
skv-p000005,Aksel Anker Solberg-Hansen,aksel anker solberg hansen,auto_result_name,true,
skv-p000006,Aksel Spence,aksel spence,auto_result_name,true,
skv-p000007,Aleksander,aleksander,auto_result_name,true,
skv-p000008,Aleksander Amundsen,aleksander amundsen,auto_result_name,true,
skv-p000009,Alexandra Paus Laizet,alexandra paus laizet,auto_result_name,true,
skv-p000010,Alfred Wendt Ingulstad,alfred wendt ingulstad,auto_result_name,true,
skv-p000011,Alva Witnes Ertresvåg,alva witnes ertresvag,auto_result_name,true,
skv-p000012,Amalie Sæten,amalie saeten,auto_result_name,true,
skv-p000013,Amalie Tolcsiner,amalie tolcsiner,auto_result_name,true,
skv-p000014,Anders Nordby,anders nordby,auto_result_name,true,
skv-p000015,Anders Rundgren,anders rundgren,auto_result_name,true,
skv-p000016,Anders Wigdahl,anders wigdahl,auto_result_name,true,
skv-p000017,Andre Christensen,andre christensen,auto_result_name,true,
skv-p000018,Andrea Langmo,andrea langmo,auto_result_name,true,
skv-p000019,Andrea Opstad Andersen,andrea opstad andersen,auto_result_name,true,
skv-p000020,Andreas Fossan,andreas fossan,auto_result_name,true,
skv-p000021,Andreas Haugen Torjussen,andreas haugen torjussen,auto_result_name,true,
skv-p000022,Andreas Havsberg,andreas havsberg,auto_result_name,true,
skv-p000023,Andreas Sjurseth *,andreas sjurseth,auto_result_name,true,
skv-p000024,Andreas Skog Røst,andreas skog rost,auto_result_name,true,
skv-p000025,Andreas Solheim,andreas solheim,auto_result_name,true,
skv-p000026,Andreas Sung Unstad,andreas sung unstad,auto_result_name,true,
skv-p000027,Anette Killerud Ødegård,anette killerud odegard,auto_result_name,true,
skv-p000028,Anna Cornelia Thorn,anna cornelia thorn,auto_result_name,true,
skv-p000029,Anna Marie Sirevåg,anna marie sirevag,auto_result_name,true,
skv-p000030,Anna Syrstad,anna syrstad,auto_result_name,true,
skv-p000031,Anne Berit Gravvold,anne berit gravvold,auto_result_name,true,
skv-p000032,Anne Myhr,anne myhr,auto_result_name,true,
skv-p000033,Anton Heldal,anton heldal,auto_result_name,true,
skv-p000034,Arild Ravlo Hersleth,arild ravlo hersleth,auto_result_name,true,
skv-p000035,Arvin Patel,arvin patel,auto_result_name,true,
skv-p000036,Askild Vatnbakk Larsen,askild vatnbakk larsen,auto_result_name,true,
skv-p000037,Asta Ellingvåg,asta ellingvag,auto_result_name,true,
skv-p000038,Atle Wendel Scheie,atle wendel scheie,auto_result_name,true,
skv-p000039,Benjamin Hai Duong,benjamin hai duong,auto_result_name,true,
skv-p000040,Bethina Valle,bethina valle,auto_result_name,true,
skv-p000041,Bjørnar Slettvåg,bjornar slettvag,auto_result_name,true,
skv-p000042,Caroline Marie Wiig,caroline marie wiig,auto_result_name,true,
skv-p000043,Catherine Berg,catherine berg,auto_result_name,true,
skv-p000044,Catherine Vaugelade Pedersen,catherine vaugelade pedersen,auto_result_name,true,
skv-p000045,Christian Hammer,christian hammer,auto_result_name,true,
skv-p000046,Christian Lillebo,christian lillebo,auto_result_name,true,
skv-p000047,Christian Lund Sørensen,christian lund sorensen,auto_result_name,true,
skv-p000048,Christoffer Hagen,christoffer hagen,auto_result_name,true,
skv-p000049,Christopher Aalholm,christopher aalholm,auto_result_name,true,
skv-p000050,Christopher Wiig,christopher wiig,auto_result_name,true,
skv-p000051,Constantin Rust *,constantin rust,auto_result_name,true,
skv-p000052,Dadafo Dhaqabi Tesama,dadafo dhaqabi tesama,auto_result_name,true,
skv-p000053,Daniel Severinsen,daniel severinsen,auto_result_name,true,
skv-p000054,David Meier,david meier,auto_result_name,true,
skv-p000054,David Ormstad Meier,david ormstad meier,manual_canonical_name,true,
skv-p000055,Dina Anjara Herilanto Randrianampiantsoa,dina anjara herilanto randrianampiantsoa,auto_result_name,true,
skv-p000056,Dina Erika Hansen,dina erika hansen,auto_result_name,true,
skv-p000057,Dong Zhang,dong zhang,auto_result_name,true,
skv-p000058,Dory Kovacs,dory kovacs,auto_result_name,true,
skv-p000059,Einar Nordlund,einar nordlund,auto_result_name,true,
skv-p000060,Eirik Haugland Kvalvik,eirik haugland kvalvik,auto_result_name,true,
skv-p000061,Eivind Baekkedal,eivind baekkedal,auto_result_name,true,
skv-p000062,Eivind Rosseland Stokke,eivind rosseland stokke,auto_result_name,true,
skv-p000063,Eline Rud Wagle,eline rud wagle,auto_result_name,true,
skv-p000064,Elisabeth Jarland,elisabeth jarland,auto_result_name,true,
skv-p000065,Elliot Jones,elliot jones,auto_result_name,true,
skv-p000066,Elvira Bønsnæs Ødegaard,elvira bonsnaes odegaard,auto_result_name,true,
skv-p000067,Emil Aarstad,emil aarstad,auto_result_name,true,
skv-p000068,Emilie Mo,emilie mo,auto_result_name,true,
skv-p000069,Erik Bjørgum,erik bjorgum,auto_result_name,true,
skv-p000070,Erik Bøhn,erik bohn,auto_result_name,true,
skv-p000071,Erik Bucher Johannessen,erik bucher johannessen,auto_result_name,true,
skv-p000072,Erik Flølo,erik flolo,auto_result_name,true,
skv-p000073,Erik Rønneberg,erik ronneberg,auto_result_name,true,
skv-p000074,Erlend Brevik,erlend brevik,auto_result_name,true,
skv-p000075,Erlend Bruaset,erlend bruaset,auto_result_name,true,
skv-p000076,Erlend Fugleberg Bruaset,erlend fugleberg bruaset,auto_result_name,true,
skv-p000077,Erlend Hellum,erlend hellum,auto_result_name,true,
skv-p000078,Erlend Sørtveit,erlend sortveit,auto_result_name,true,
skv-p000079,Erling Syversveen Lie,erling syversveen lie,auto_result_name,true,
skv-p000080,Ernst Herlof Kristiansen,ernst herlof kristiansen,auto_result_name,true,
skv-p000081,Ernst Kristiansen,ernst kristiansen,auto_result_name,true,
skv-p000082,Eskil Engdahl,eskil engdahl,auto_result_name,true,
skv-p000083,Eskild Willassen,eskild willassen,auto_result_name,true,
skv-p000084,Espen Aronsveen,espen aronsveen,auto_result_name,true,
skv-p000085,Even Lund,even lund,auto_result_name,true,
skv-p000086,Even Moa Myklebust,even moa myklebust,auto_result_name,true,
skv-p000087,Frederik Emil Juul,frederik emil juul,auto_result_name,true,
skv-p000088,Fredrik Camilo Halsbog,fredrik camilo halsbog,auto_result_name,true,
skv-p000089,Fredrik Frossdal *,fredrik frossdal,auto_result_name,true,
skv-p000090,Fredrik Killerud,fredrik killerud,auto_result_name,true,
skv-p000091,Fredrik Sætereng Fyksen,fredrik saetereng fyksen,auto_result_name,true,
skv-p000092,Gaute Olberg,gaute olberg,auto_result_name,true,
skv-p000093,Gerrard Kennedy,gerrard kennedy,auto_result_name,true,
skv-p000094,Gjermund Fluge Ulleberg,gjermund fluge ulleberg,auto_result_name,true,
skv-p000095,Gudmund Høglund,gudmund hoglund,auto_result_name,true,
skv-p000096,Haakon Bakke,haakon bakke,auto_result_name,true,
skv-p000097,Halvor Elverum,halvor elverum,auto_result_name,true,
skv-p000098,Halvor Myhrvold,halvor myhrvold,auto_result_name,true,
skv-p000099,Hanna Kristine Gunlaugsdatter Larsen,hanna kristine gunlaugsdatter larsen,auto_result_name,true,
skv-p000099,Hanna Larsen,hanna larsen,auto_result_name,true,
skv-p000100,Hanna Kristine Larsen,hanna kristine larsen,auto_result_name,true,
skv-p000101,Hannah Bjelland,hannah bjelland,auto_result_name,true,
skv-p000102,Hanne Marthe Lie,hanne marthe lie,auto_result_name,true,
skv-p000103,Hanne Tingelstad,hanne tingelstad,auto_result_name,true,
skv-p000104,Hans-Jacob Molland,hans jacob molland,auto_result_name,true,
skv-p000105,Håvard Ola Eggen,havard ola eggen,auto_result_name,true,
skv-p000106,Hege Njå Bjørkmanm,hege nja bjorkmanm,auto_result_name,true,
skv-p000107,Hege Njå Bjørkmann,hege nja bjorkmann,auto_result_name,true,
skv-p000108,Helene Huglen,helene huglen,auto_result_name,true,
skv-p000109,Henning Hellebust,henning hellebust,auto_result_name,true,
skv-p000110,Henriette Sæterdal Semb,henriette saeterdal semb,auto_result_name,true,
skv-p000111,Henriette Semb,henriette semb,auto_result_name,true,
skv-p000112,Henrik Håkonsen,henrik hakonsen,auto_result_name,true,
skv-p000113,Henrik Hansen,henrik hansen,auto_result_name,true,
skv-p000114,Henrik Samdal,henrik samdal,auto_result_name,true,
skv-p000115,Henrik Thorsø Johansen,henrik thorso johansen,auto_result_name,true,
skv-p000116,Henrik Victor Hansen,henrik victor hansen,auto_result_name,true,
skv-p000117,Henry McNulty,henry mcnulty,auto_result_name,true,
skv-p000118,Herborg Hermansen Tveit *,herborg hermansen tveit,auto_result_name,true,
skv-p000119,Herman Huuse,herman huuse,auto_result_name,true,
skv-p000120,Herman noraas Grue,herman noraas grue,auto_result_name,true,
skv-p000121,Herman Unneland,herman unneland,auto_result_name,true,
skv-p000122,Iben Kvigne,iben kvigne,auto_result_name,true,
skv-p000123,Ida Amalie Robsahm,ida amalie robsahm,auto_result_name,true,
skv-p000123,Ida Amelie Robsahm,ida amelie robsahm,manual_alias,true,
skv-p000124,Ida Christine Østreng *,ida christine ostreng,auto_result_name,true,
skv-p000125,Ida Matre,ida matre,auto_result_name,true,
skv-p000126,Ilona Mononen,ilona mononen,auto_result_name,true,
skv-p000127,Inanda Svelle,inanda svelle,auto_result_name,true,
skv-p000128,Ine Bakken,ine bakken,auto_result_name,true,
skv-p000129,Ingrid Helene Nyhus,ingrid helene nyhus,auto_result_name,true,
skv-p000130,Ingrid Løken,ingrid loken,auto_result_name,true,
skv-p000131,Ingrid Muri *,ingrid muri,auto_result_name,true,
skv-p000132,Ingrid Skomedal Klovning,ingrid skomedal klovning,auto_result_name,true,
skv-p000133,Ingunn Monsen,ingunn monsen,auto_result_name,true,
skv-p000134,Jacob Nitter,jacob nitter,auto_result_name,true,
skv-p000135,Jakob Slengesol,jakob slengesol,auto_result_name,true,
skv-p000136,Jakov Semaskevic,jakov semaskevic,auto_result_name,true,
skv-p000137,Jan Petter Mork,jan petter mork,auto_result_name,true,
skv-p000138,Jan Schneider,jan schneider,auto_result_name,true,
skv-p000139,Jan Travolta,jan travolta,auto_result_name,true,
skv-p000140,Janne Dahle,janne dahle,auto_result_name,true,
skv-p000141,Jeppe Sverdrup,jeppe sverdrup,auto_result_name,true,
skv-p000142,Jesper Horsinek,jesper horsinek,auto_result_name,true,
skv-p000143,Jessica Gunnarsson,jessica gunnarsson,auto_result_name,true,
skv-p000144,Jo Trieu Søreide,jo trieu soreide,auto_result_name,true,
skv-p000145,Joakim Mohn,joakim mohn,auto_result_name,true,
skv-p000146,Joakim Soltveit,joakim soltveit,auto_result_name,true,
skv-p000147,Johanne Laegran,johanne laegran,auto_result_name,true,
skv-p000147,Johanne Lægran,johanne laegran,manual_canonical_name,true,
skv-p000148,Johannes Nisja,johannes nisja,auto_result_name,true,
skv-p000149,Johannes Yngve,johannes yngve,auto_result_name,true,
skv-p000150,John Christian Fuller,john christian fuller,auto_result_name,true,
skv-p000151,John Fuller,john fuller,auto_result_name,true,
skv-p000152,Jon-Henrik Eskeland *,jon henrik eskeland,auto_result_name,true,
skv-p000152,Jon-Henrik Eskeland,jon henrik eskeland,manual_canonical_name,true,
skv-p000153,Jonas Njerve,jonas njerve,auto_result_name,true,
skv-p000154,Jonas Virtanen,jonas virtanen,auto_result_name,true,
skv-p000155,Jørgen Korum,jorgen korum,auto_result_name,true,
skv-p000156,Jostein Rogstad,jostein rogstad,auto_result_name,true,
skv-p000157,Julie Didriksen,julie didriksen,auto_result_name,true,
skv-p000158,Julie Lous,julie lous,auto_result_name,true,
skv-p000159,Julie Thorp,julie thorp,auto_result_name,true,
skv-p000160,June Bui,june bui,auto_result_name,true,
skv-p000161,June Kieu-Van Thi Bui,june kieu van thi bui,auto_result_name,true,
skv-p000162,Kara Meunier,kara meunier,auto_result_name,true,
skv-p000163,Karen Marie Håkonsen,karen marie hakonsen,auto_result_name,true,
skv-p000164,Kari Øen,kari oen,auto_result_name,true,
skv-p000165,Kari Renslo,kari renslo,auto_result_name,true,
skv-p000166,Kasper Sørlie-Reininger,kasper sorlie reininger,auto_result_name,true,
skv-p000167,Katarina Thraning,katarina thraning,auto_result_name,true,
skv-p000168,Katerina Hatzigiannis,katerina hatzigiannis,auto_result_name,true,
skv-p000169,Katrine Rolid,katrine rolid,auto_result_name,true,
skv-p000170,Kjersti Simensen,kjersti simensen,auto_result_name,true,
skv-p000171,Kjetil Aakvik,kjetil aakvik,auto_result_name,true,
skv-p000172,Knut Borkholm,knut borkholm,auto_result_name,true,
skv-p000173,Kristian Brenni,kristian brenni,auto_result_name,true,
skv-p000174,Kristian Frøyen,kristian froyen,auto_result_name,true,
skv-p000175,Kristian Stenerud,kristian stenerud,auto_result_name,true,
skv-p000176,Kristina M. Stang,kristina m stang,auto_result_name,true,
skv-p000177,Kristina Marcelius Hjulstad,kristina marcelius hjulstad,auto_result_name,true,
skv-p000178,Kristina Marcelius Stang,kristina marcelius stang,auto_result_name,true,
skv-p000179,Kristoffer Bugge,kristoffer bugge,auto_result_name,true,
skv-p000180,Kristoffer Eftedal,kristoffer eftedal,auto_result_name,true,
skv-p000181,Kyrre Berland,kyrre berland,auto_result_name,true,
skv-p000182,Lars Gellein Halvorsen,lars gellein halvorsen,auto_result_name,true,
skv-p000183,Lars Martin Falck,lars martin falck,auto_result_name,true,
skv-p000184,Lavrans Sverdrup,lavrans sverdrup,auto_result_name,true,
skv-p000185,Leif Ole Håvardsrud,leif ole havardsrud,auto_result_name,true,
skv-p000186,Linnéa Horn,linnea horn,auto_result_name,true,
skv-p000187,Lisbeth Pedersen,lisbeth pedersen,auto_result_name,true,
skv-p000188,Liselotte Farstad,liselotte farstad,auto_result_name,true,
skv-p000189,Liv Berit Jegteberg Lystad,liv berit jegteberg lystad,auto_result_name,true,
skv-p000190,Liv Melby,liv melby,auto_result_name,true,
skv-p000190,Liv Richter Melby,liv richter melby,manual_verified_source_name,true,
skv-p000191,Livius Sverdrup,livius sverdrup,auto_result_name,true,
skv-p000192,Liz-Helen Løchen,liz helen lochen,auto_result_name,true,
skv-p000193,Madelène Wanvik Holum,madelene wanvik holum,auto_result_name,true,
skv-p000194,Magne Eie Ledsaak,magne eie ledsaak,auto_result_name,true,
skv-p000195,Magnhild Frydenlund,magnhild frydenlund,auto_result_name,true,
skv-p000196,Magnus Nymoen Rundgren,magnus nymoen rundgren,auto_result_name,true,
skv-p000197,Magnus Warvik,magnus warvik,auto_result_name,true,
skv-p000198,Maia Gundersen,maia gundersen,auto_result_name,true,
skv-p000199,Marcus Berget,marcus berget,auto_result_name,true,
skv-p000200,Maren Mohagen *,maren mohagen,auto_result_name,true,
skv-p000200,Maren Mohagen,maren mohagen,manual_canonical_name,true,
skv-p000201,Mari Vatn,mari vatn,auto_result_name,true,
skv-p000202,Maria Bipop,maria bipop,auto_result_name,true,
skv-p000203,Maria Bipop Bang Jensen,maria bipop bang jensen,auto_result_name,true,
skv-p000204,Maria Kongsli Bondestad *,maria kongsli bondestad,auto_result_name,true,
skv-p000205,Marianne Harnes,marianne harnes,auto_result_name,true,
skv-p000206,Marianne Harnes Myhrer,marianne harnes myhrer,auto_result_name,true,
skv-p000207,Marie Abelsen Arntsen,marie abelsen arntsen,auto_result_name,true,
skv-p000208,Marie Bringsvor,marie bringsvor,auto_result_name,true,
skv-p000209,Marie Reimer,marie reimer,auto_result_name,true,
skv-p000210,Marit Nersten,marit nersten,auto_result_name,true,
skv-p000211,Marita Bergum Sandberg,marita bergum sandberg,auto_result_name,true,
skv-p000212,Marita Sandberg,marita sandberg,auto_result_name,true,
skv-p000213,Marius Borkenhagen,marius borkenhagen,auto_result_name,true,
skv-p000214,Marius Brevik,marius brevik,auto_result_name,true,
skv-p000215,Marius Stub,marius stub,auto_result_name,true,
skv-p000216,Marte Lien Johnsen,marte lien johnsen,auto_result_name,true,
skv-p000217,Marte Sønstevold,marte sonstevold,auto_result_name,true,
skv-p000218,Marthe Meese Dolmen,marthe meese dolmen,auto_result_name,true,
skv-p000219,Martin Finne,martin finne,auto_result_name,true,
skv-p000220,Martin Fredriksen,martin fredriksen,auto_result_name,true,
skv-p000221,Martin Kjäll-Ohlsson,martin kjall ohlsson,auto_result_name,true,
skv-p000222,Martin Kvam,martin kvam,auto_result_name,true,
skv-p000223,Martin Stray Egeberg,martin stray egeberg,auto_result_name,true,
skv-p000224,Mathilde Sofie Nordahl,mathilde sofie nordahl,auto_result_name,true,
skv-p000225,Matias Brekkå,matias brekka,auto_result_name,true,
skv-p000226,Matilde Belsvik,matilde belsvik,auto_result_name,true,
skv-p000227,Matilde Reinholdt Belsvik,matilde reinholdt belsvik,auto_result_name,true,
skv-p000228,Michael Eriksson,michael eriksson,auto_result_name,true,
skv-p000229,Michael Floater,michael floater,auto_result_name,true,
skv-p000230,Mikkel Trøstheim,mikkel trostheim,auto_result_name,true,
skv-p000231,Morten Dalhaug,morten dalhaug,auto_result_name,true,
skv-p000232,Morten Garvik,morten garvik,auto_result_name,true,
skv-p000233,Morten Ledum,morten ledum,auto_result_name,true,
skv-p000234,Nathalie Moen Balhald *,nathalie moen balhald,auto_result_name,true,
skv-p000235,Nicolai Borenstein,nicolai borenstein,auto_result_name,true,
skv-p000236,Nicolai Lujan Foss,nicolai lujan foss,auto_result_name,true,
skv-p000237,Nicolay Andersen,nicolay andersen,auto_result_name,true,
skv-p000238,Ninni Joløkken Brodalen,ninni jolokken brodalen,auto_result_name,true,
skv-p000239,Njål Hjelde Anderssen,njal hjelde anderssen,auto_result_name,true,
skv-p000240,Noah Johannessen,noah johannessen,auto_result_name,true,
skv-p000241,Nora Melvold,nora melvold,auto_result_name,true,
skv-p000242,Oda Laegran,oda laegran,auto_result_name,true,
skv-p000243,Øivind Larsen,oivind larsen,auto_result_name,true,
skv-p000244,Øivind Paulshus,oivind paulshus,auto_result_name,true,
skv-p000245,Ola Matre,ola matre,auto_result_name,true,
skv-p000246,Olav Strømmen,olav strommen,auto_result_name,true,
skv-p000247,Ole Anders,ole anders,auto_result_name,true,
skv-p000248,Ole Anders Stokker,ole anders stokker,auto_result_name,true,
skv-p000249,Ole-Henrik Kabbe,ole henrik kabbe,auto_result_name,true,
skv-p000250,Ole Jonas Nybø,ole jonas nybo,auto_result_name,true,
skv-p000251,Ole Jørgen Jacobsen,ole jorgen jacobsen,auto_result_name,true,
skv-p000252,Ole Jørgen Knoph,ole jorgen knoph,auto_result_name,true,
skv-p000253,Ole Kristian Gjertsen,ole kristian gjertsen,auto_result_name,true,
skv-p000254,Oscar Sperre,oscar sperre,auto_result_name,true,
skv-p000255,Øyvind Lie *,oyvind lie,auto_result_name,true,
skv-p000256,Pål Erik,pal erik,auto_result_name,true,
skv-p000257,Pål Erik Johnsen,pal erik johnsen,auto_result_name,true,
skv-p000258,Patrick Stangbye,patrick stangbye,auto_result_name,true,
skv-p000259,Pia Fjeld Møller Johansen,pia fjeld moller johansen,auto_result_name,true,
skv-p000260,Pia Møller,pia moller,auto_result_name,true,
skv-p000261,Quentin Agrinier,quentin agrinier,auto_result_name,true,
skv-p000262,Ragnhild Ertshus,ragnhild ertshus,auto_result_name,true,
skv-p000263,Ragnhild Tunaal,ragnhild tunaal,auto_result_name,true,
skv-p000264,Rebekka Haugland,rebekka haugland,auto_result_name,true,
skv-p000265,Riley McGown,riley mcgown,auto_result_name,true,
skv-p000266,Roger Thompson,roger thompson,auto_result_name,true,
skv-p000267,Róisín Long,roisin long,auto_result_name,true,
skv-p000268,Ruairi Long,ruairi long,auto_result_name,true,
skv-p000269,Runar Oesthaug,runar oesthaug,auto_result_name,true,
skv-p000270,Rune Kavlie,rune kavlie,auto_result_name,true,
skv-p000271,Rune Kvernmo,rune kvernmo,auto_result_name,true,
skv-p000272,Rune Mortensen,rune mortensen,auto_result_name,true,
skv-p000273,Said Abdullahi,said abdullahi,auto_result_name,true,
skv-p000274,Said Garaashe Abdullahi,said garaashe abdullahi,auto_result_name,true,
skv-p000275,Sander Dybwad Mathiesen,sander dybwad mathiesen,auto_result_name,true,
skv-p000276,Sara Kjeldsen Lie,sara kjeldsen lie,auto_result_name,true,
skv-p000277,Sebastian Aas,sebastian aas,auto_result_name,true,
skv-p000278,Sigrid Nestgaard Rød,sigrid nestgaard rod,auto_result_name,true,
skv-p000279,Sigrid Rød,sigrid rod,auto_result_name,true,
skv-p000280,Sigurd Skomedal Klovning,sigurd skomedal klovning,auto_result_name,true,
skv-p000281,Sigve Varslott Aalmo,sigve varslott aalmo,auto_result_name,true,
skv-p000282,Silje Solvang,silje solvang,auto_result_name,true,
skv-p000283,Simen Hagerup Kjeldsen,simen hagerup kjeldsen,auto_result_name,true,
skv-p000284,Simen Holum Andersen,simen holum andersen,auto_result_name,true,
skv-p000285,Simen Øverbø,simen overbo,auto_result_name,true,
skv-p000286,Simon Seland,simon seland,auto_result_name,true,
skv-p000287,Simon Skretting,simon skretting,auto_result_name,true,
skv-p000288,Sindre Fanneløb,sindre fannelob,auto_result_name,true,
skv-p000289,Siri Hegsvold,siri hegsvold,auto_result_name,true,
skv-p000290,Siri Holde Hegsvold,siri holde hegsvold,auto_result_name,true,
skv-p000291,Siri Schøne Ness,siri schone ness,auto_result_name,true,
skv-p000292,Sissel Hegdahl Oversand,sissel hegdahl oversand,auto_result_name,true,
skv-p000293,Sissel Oversand,sissel oversand,auto_result_name,true,
skv-p000294,Sjur Krystad Prestsæter,sjur krystad prestsaeter,auto_result_name,true,
skv-p000295,Sjur Prestsæter,sjur prestsaeter,auto_result_name,true,
skv-p000296,Sofie,sofie,auto_result_name,true,
skv-p000297,Sofie Gotuholt,sofie gotuholt,auto_result_name,true,
skv-p000298,Sofie Kjos Bergum,sofie kjos bergum,auto_result_name,true,
skv-p000299,Sofie Kolsum,sofie kolsum,auto_result_name,true,
skv-p000300,Soliana Mengistu,soliana mengistu,auto_result_name,true,
skv-p000301,Sondre Anker Solberg-Hansen,sondre anker solberg hansen,auto_result_name,true,
skv-p000302,Sondre Lomeland,sondre lomeland,auto_result_name,true,
skv-p000303,Sondre Moen,sondre moen,auto_result_name,true,
skv-p000304,Sondre Nordstad Moen,sondre nordstad moen,auto_result_name,true,
skv-p000305,Sonia Nakamura Slettvåg (11 år),sonia nakamura slettvag 11 ar,auto_result_name,true,
skv-p000306,Sonia Slettvåg,sonia slettvag,auto_result_name,true,
skv-p000307,Steffen Brufladt,steffen brufladt,auto_result_name,true,
skv-p000308,Stein Ellingsen *,stein ellingsen,auto_result_name,true,
skv-p000309,Stine Isaksen,stine isaksen,auto_result_name,true,
skv-p000310,Stine Strand Isaksen,stine strand isaksen,auto_result_name,true,
skv-p000311,Sture Simon Borgen,sture simon borgen,auto_result_name,true,
skv-p000312,Sunniva Kveim,sunniva kveim,auto_result_name,true,
skv-p000313,Sunniva Tangen Andersen,sunniva tangen andersen,auto_result_name,true,
skv-p000314,Sveinung Nersten,sveinung nersten,auto_result_name,true,
skv-p000315,Sven Thelin,sven thelin,auto_result_name,true,
skv-p000316,Sylvia Nordskar,sylvia nordskar,auto_result_name,true,
skv-p000317,Synøve Brox,synove brox,auto_result_name,true,
skv-p000318,Tale Glende *,tale glende,auto_result_name,true,
skv-p000319,Theodor Berre Jacobsen,theodor berre jacobsen,auto_result_name,true,
skv-p000320,Theodor Botten,theodor botten,auto_result_name,true,
skv-p000321,Thomas Kjellberg,thomas kjellberg,auto_result_name,true,
skv-p000322,Thomas Nordbø Berg,thomas nordbo berg,auto_result_name,true,
skv-p000323,Thomas Pedersen,thomas pedersen,auto_result_name,true,
skv-p000324,Tim Bennett,tim bennett,auto_result_name,true,
skv-p000325,Tiril Jørgensen,tiril jorgensen,auto_result_name,true,
skv-p000326,Tobias Gram-Caspersen,tobias gram caspersen,auto_result_name,true,
skv-p000327,Tone Gravvold,tone gravvold,auto_result_name,true,
skv-p000328,Tone Staum,tone staum,auto_result_name,true,
skv-p000329,Torhild Dybwad Mathiesen,torhild dybwad mathiesen,auto_result_name,true,
skv-p000330,Torill Ytterhus Haugset,torill ytterhus haugset,auto_result_name,true,
skv-p000331,Tormod Fauske Tho *,tormod fauske tho,auto_result_name,true,
skv-p000332,Trond Einar Moen Pedersli,trond einar moen pedersli,auto_result_name,true,
skv-p000333,Truls Skarvøy,truls skarvoy,auto_result_name,true,
skv-p000334,Ulrik Ødegård,ulrik odegard,auto_result_name,true,
skv-p000335,Valentin Hachet,valentin hachet,auto_result_name,true,
skv-p000336,Vebjørn Hallberg Bakkestuen,vebjorn hallberg bakkestuen,auto_result_name,true,
skv-p000337,Vegard Grut,vegard grut,auto_result_name,true,
skv-p000338,Vegard Henriksen,vegard henriksen,auto_result_name,true,
skv-p000339,Vegard Johannessen,vegard johannessen,auto_result_name,true,
skv-p000340,Vetle Elstad Kjensli,vetle elstad kjensli,auto_result_name,true,
skv-p000341,Victoria Hæstad Bjørnstad,victoria haestad bjornstad,auto_result_name,true,
skv-p000342,Vidar Stenset,vidar stenset,auto_result_name,true,
skv-p000343,Vidar Tveit Vasfaret Stenset,vidar tveit vasfaret stenset,auto_result_name,true,
skv-p000344,Vilde Antonsen,vilde antonsen,auto_result_name,true,
skv-p000345,Vilde Dille Øvreeide *,vilde dille ovreeide,auto_result_name,true,
skv-p000346,Vilde Våge Henriksen,vilde vage henriksen,auto_result_name,true,
skv-p000347,William Morken-Andersen,william morken andersen,auto_result_name,true,
skv-p000348,Yunpeng Ding,yunpeng ding,auto_result_name,true,
skv-p000080,Ernst Kristiansen,ernst kristiansen,manual_match_decision,true,
skv-p000289,Siri Holde Hegsvold,siri holde hegsvold,manual_match_decision,true,
skv-p000212,Marita Bergum Sandberg,marita bergum sandberg,manual_match_decision,true,
skv-p000295,Sjur Krystad Prestsæter,sjur krystad prestsaeter,manual_match_decision,true,
skv-p000293,Sissel Hegdahl Oversand,sissel hegdahl oversand,manual_match_decision,true,
skv-p000309,Stine Strand Isaksen,stine strand isaksen,manual_match_decision,true,
skv-p000003,Ådne Sandvik Dyrnesli,adne sandvik dyrnesli,manual_match_decision,true,
skv-p000273,Said Garaashe Abdullahi,said garaashe abdullahi,manual_match_decision,true,
skv-p000227,Matilde Belsvik,matilde belsvik,manual_match_decision,true,
skv-p000001,Ådne Andersen Andersen,adne andersen andersen,manual_match_decision,true,
skv-p000075,Erlend Fugleberg Bruaset,erlend fugleberg bruaset,manual_match_decision,true,
skv-p000099,Hanna Kristine Larsen,hanna kristine larsen,manual_match_decision,true,
skv-p000110,Henriette Semb,henriette semb,manual_match_decision,true,
skv-p000304,Sondre Moen,sondre moen,manual_match_decision,true,
skv-p000151,John Christian Fuller,john christian fuller,manual_match_decision,true,
skv-p000278,Sigrid Rød,sigrid rod,manual_match_decision,true,
skv-p000342,Vidar Tveit Vasfaret Stenset,vidar tveit vasfaret stenset,manual_match_decision,true,
skv-p000160,June Kieu-Van Thi Bui,june kieu van thi bui,manual_match_decision,true,
skv-p000178,Kristina M. Stang,kristina m stang,manual_match_decision,true,
skv-p000206,Marianne Harnes,marianne harnes,manual_match_decision,true,
skv-p000248,Ole Anders,ole anders,manual_match_decision,true,
skv-p000257,Pål Erik,pal erik,manual_match_decision,true,
skv-p000306,Sonia Nakamura Slettvåg (11 år),sonia nakamura slettvag 11 ar,manual_match_decision,true,
skv-p000202,Maria Bipop Bang Jensen,maria bipop bang jensen,manual_match_decision,true,
skv-p000260,Pia Fjeld Møller Johansen,pia fjeld moller johansen,manual_match_decision,true,
skv-p000107,Hege Njå Bjørkmanm,hege nja bjorkmanm,manual_match_decision,true,
skv-p000295,Sjur Krystad Prests?ter,sjur krystad prests ter,manual_preferred_name,true,
skv-p000003,Ådne Dyrnesli,adne dyrnesli,manual_preferred_name,true,
skv-p000001,Ådne Andersen,adne andersen,manual_preferred_name,true,
skv-p000278,Sigrid R?d,sigrid r d,manual_preferred_name,true,
skv-p000257,P?l Erik Johnsen,p l erik johnsen,manual_preferred_name,true,
skv-p000306,Sonia Slettv?g,sonia slettv g,manual_preferred_name,true,
skv-p000260,Pia M?ller,pia m ller,manual_preferred_name,true,
skv-p000107,Hege Nj? Bj?rkmann,hege nj bj rkmann,manual_preferred_name,true,
skv-p000349,Mathis Dahl Fenre,mathis dahl fenre,auto_result_name,true,
skv-p000350,Elin Lippe Lippe Stavnes,elin lippe lippe stavnes,auto_result_name,true,
skv-p000351,Julie Garsiot,julie garsiot,auto_result_name,true,
skv-p000352,Lene Heimdal,lene heimdal,auto_result_name,true,
skv-p000353,Ninni Jol?kken Brodalen,ninni jol kken brodalen,auto_result_name,true,
skv-p000354,Ole Jacobsen,ole jacobsen,auto_result_name,true,
skv-p000029,Anna Marie Nordengen Sirevåg,anna marie nordengen sirevag,opentrack_bislett_spring,true,
skv-p000054,David Ormstad Meier,david ormstad meier,opentrack_bislett_spring,true,
skv-p000090,Fredrik Aleksander Skovdahl Killerud,fredrik aleksander skovdahl killerud,opentrack_bislett_spring,true,
skv-p000145,Joakim Skjæggestad Mohn,joakim skjaeggestad mohn,opentrack_bislett_spring,true,
skv-p000302,Sondre Taugbøl Lomeland,sondre taugbol lomeland,opentrack_bislett_spring,true,
skv-p000333,Truls Vegard Skarvøy,truls vegard skarvoy,opentrack_bislett_spring,true,
skv-p000333,Truls Vegard Skarvøy,truls vegard skarvoy,manual_canonical_name,true,
skv-p000355,Iver Johan Andreassen-Holm,iver johan andreassen holm,auto_result_name,true,
skv-p000356,Kristine Meinert Rød,kristine meinert rod,auto_result_name,true,
skv-p000357,Madelén Tronstad Sagebakken,madelen tronstad sagebakken,auto_result_name,true,
skv-p000358,Ole Skjelten Daasvatn,ole skjelten daasvatn,auto_result_name,true,
skv-p000359,Susanne Tveit Amundsen,susanne tveit amundsen,auto_result_name,true,
skv-p000360,Anne Murvold,anne murvold,auto_result_name,true,
skv-p000361,Mathias Hansen,mathias hansen,auto_result_name,true,
skv-p000362,Ånung Viken,anung viken,auto_result_name,true,
skv-p000363,Åsmund Sunde Valseth,asmund sunde valseth,auto_result_name,true,
skv-p000364,Gina Flugstad Øistuen,gina flugstad oistuen,auto_result_name,true,
skv-p000365,Kristine Green,kristine green,auto_result_name,true,
skv-p000366,Håvard Moholt Berge,havard moholt berge,auto_result_name,true,
skv-p000367,Therese Dahl Årvik,therese dahl arvik,auto_result_name,true,
skv-p000368,Nora Funkqvist Haga,nora funkqvist haga,auto_result_name,true,
skv-p000369,Per Olav Røhmer,per olav rohmer,auto_result_name,true,
skv-p000370,Thomas Beka,thomas beka,auto_result_name,true,
skv-p000371,Tom Kuyken Kjærstad,tom kuyken kjaerstad,auto_result_name,true,
skv-p000372,Vebjørn Løvås,vebjorn lovas,auto_result_name,true,
skv-p000373,Judith Ingela Rickertsen Hole,judith ingela rickertsen hole,auto_result_name,true,
skv-p000374,Martine Solli,martine solli,auto_result_name,true,
skv-p000375,Sarah Smalbro,sarah smalbro,auto_result_name,true,
skv-p000376,Elia Thorvik,elia thorvik,auto_result_name,true,
skv-p000377,Maia Kulle Andreassen,maia kulle andreassen,auto_result_name,true,
skv-p000378,Hanna Heider Hov,hanna heider hov,auto_result_name,true,
skv-p000379,Aksel Petter Spence,aksel petter spence,auto_result_name,true,
skv-p000380,Bjarni Herrera Thorisson,bjarni herrera thorisson,auto_result_name,true,
skv-p000381,Bjørnar Kjønnøy Slettvåg,bjornar kjonnoy slettvag,auto_result_name,true,
skv-p000382,Catherine Synnøve Vaugelade Berg,catherine synnove vaugelade berg,auto_result_name,true,
skv-p000383,Daniel Espedokken Severinsen,daniel espedokken severinsen,auto_result_name,true,
skv-p000384,Jenny Lillehagen Garnes,jenny lillehagen garnes,auto_result_name,true,
skv-p000385,Jo Trieu,jo trieu,auto_result_name,true,
skv-p000386,Live Maria Grønvold,live maria gronvold,auto_result_name,true,
skv-p000387,Marte Solset Haug,marte solset haug,auto_result_name,true,
skv-p000388,Mathilde Nordahl,mathilde nordahl,auto_result_name,true,
skv-p000389,Selma Størmer-Antonsen,selma stormer antonsen,auto_result_name,true,
skv-p000390,Ulrik Moen Ødegård,ulrik moen odegard,auto_result_name,true,
skv-p000391,Ine Skjellum,ine skjellum,auto_result_name,true,
skv-p000392,Karoline Wisløff Rud,karoline wisloff rud,auto_result_name,true,
skv-p000393,Erlend Berger,erlend berger,auto_result_name,true,
skv-p000394,Francisca Vivian da Silva Eriksen,francisca vivian da silva eriksen,auto_result_name,true,
skv-p000395,Gina Voll Didriksen,gina voll didriksen,auto_result_name,true,
skv-p000396,Tuva Toftdahl Staver,tuva toftdahl staver,auto_result_name,true,
skv-p000397,Alice Ulla Berg,alice ulla berg,auto_result_name,true,
skv-p000398,Kristian Retterstøl Frøyen,kristian retterstol froyen,auto_result_name,true,
skv-p000399,Tim Victor Bennett,tim victor bennett,auto_result_name,true,
skv-p000400,Andreas Myhre Sjurseth,andreas myhre sjurseth,auto_result_name,true,
skv-p000401,Håvard Berge,havard berge,auto_result_name,true,
skv-p000402,Jessica Katarina Gunnarsson,jessica katarina gunnarsson,auto_result_name,true,
skv-p000403,Jo Søreide,jo soreide,auto_result_name,true,
skv-p000404,Madeleine HEIBERG,madeleine heiberg,auto_result_name,true,
skv-p000405,Mathilde Christin Knutsen,mathilde christin knutsen,auto_result_name,true,
skv-p000406,Reidar Søbstad,reidar sobstad,auto_result_name,true,
skv-p000408,Celine Nordstaa,celine nordstaa,auto_result_name,true,
skv-p000410,Frode Semb,frode semb,auto_result_name,true,
skv-p000411,Isak By-stølan,isak by stolan,auto_result_name,true,
skv-p000412,Magnus Bækkevar Semb,magnus baekkevar semb,auto_result_name,true,
skv-p000417,Tina Hatland,tina hatland,auto_result_name,true,
skv-p000418,Anton Janovskis Heldal,anton janovskis heldal,auto_result_name,true,
skv-p000419,Mathias Moen,mathias moen,auto_result_name,true,
skv-p000420,Haakon Hellebust,haakon hellebust,auto_result_name,true,
skv-p000421,Joakim Hope Soltveit,joakim hope soltveit,auto_result_name,true,
skv-p000306,Sonia Nakamura Slettvåg,sonia nakamura slettvag,manual_result_alias,true,
skv-p000421,Joakim Soltveit,joakim soltveit,manual_match_decision,true,
skv-p000400,Andreas Sjurseth *,andreas sjurseth,manual_match_decision,true,
skv-p000388,Mathilde Sofie Nordahl,mathilde sofie nordahl,manual_match_decision,true,
skv-p000390,Ulrik Ødegård,ulrik odegard,manual_match_decision,true,
skv-p000041,Bjørnar Kjønnøy Slettvåg,bjornar kjonnoy slettvag,manual_match_decision,true,
skv-p000143,Jessica Katarina Gunnarsson,jessica katarina gunnarsson,manual_match_decision,true,
skv-p000006,Aksel Petter Spence,aksel petter spence,manual_match_decision,true,
skv-p000401,Håvard Moholt Berge,havard moholt berge,manual_match_decision,true,
skv-p000354,Ole Jørgen Jacobsen,ole jorgen jacobsen,manual_match_decision,true,
skv-p000144,Jo Søreide,jo soreide,manual_match_decision,true,
skv-p000399,Tim Bennett,tim bennett,manual_match_decision,true,
skv-p000383,Daniel Severinsen,daniel severinsen,manual_match_decision,true,
skv-p000174,Kristian Retterstøl Frøyen,kristian retterstol froyen,manual_match_decision,true,
skv-p000033,Anton Janovskis Heldal,anton janovskis heldal,manual_match_decision,true,
skv-p000043,Catherine Synnøve Vaugelade Berg,catherine synnove vaugelade berg,manual_match_decision,true,
skv-p000144,Jo Trieu,jo trieu,manual_match_decision,true,
skv-p000238,Ninni Jol?kken Brodalen,ninni jol kken brodalen,manual_match_decision,true,
skv-p000422,Anne Sofie Fosselie,anne sofie fosselie,auto_result_name,true,
skv-p000423,Axel Wollan,axel wollan,auto_result_name,true,
skv-p000424,Bjørn Alexander Hovland,bjorn alexander hovland,auto_result_name,true,
skv-p000425,Cecilie Knudsen,cecilie knudsen,auto_result_name,true,
skv-p000426,Edvald Slettvåg,edvald slettvag,auto_result_name,true,
skv-p000427,Elin Lippe Stavnes,elin lippe stavnes,auto_result_name,true,
skv-p000428,Fredrik Cornelius Rygh-Jensen,fredrik cornelius rygh jensen,auto_result_name,true,
skv-p000429,Fredrik Halsbog,fredrik halsbog,auto_result_name,true,
skv-p000430,Frida Bjørnstad Konow,frida bjornstad konow,auto_result_name,true,
skv-p000431,Ger Wijnandus van Graas,ger wijnandus van graas,auto_result_name,true,
skv-p000432,Haakon Engelsen Berg,haakon engelsen berg,auto_result_name,true,
skv-p000433,Julian Bævre,julian baevre,auto_result_name,true,
skv-p000434,Kara Hua Meunier,kara hua meunier,auto_result_name,true,
skv-p000435,Karianne Havsberg,karianne havsberg,auto_result_name,true,
skv-p000436,Knut Sørskår,knut sorskar,auto_result_name,true,
skv-p000437,Magnus Kjesrud,magnus kjesrud,auto_result_name,true,
skv-p000438,Mari Grønning Vatn,mari gronning vatn,auto_result_name,true,
skv-p000439,Mathias Møller,mathias moller,auto_result_name,true,
skv-p000440,Noomi Linnea Stenset,noomi linnea stenset,auto_result_name,true,
skv-p000441,Ragnhild Aamdal,ragnhild aamdal,auto_result_name,true,
skv-p000442,Sigve Aalmo,sigve aalmo,auto_result_name,true,
skv-p000443,Solveig Hveem,solveig hveem,auto_result_name,true,
skv-p000444,Stina Meinicke,stina meinicke,auto_result_name,true,
skv-p000445,Tora Husum Kristensen,tora husum kristensen,auto_result_name,true,
skv-p000446,Julie Louise Sandrup,julie louise sandrup,auto_result_name,true,
skv-p000447,Oskar Røynås,oskar roynas,auto_result_name,true,
skv-p000448,Bjarni Herrera,bjarni herrera,auto_result_name,true,
skv-p000449,Martin Kildal,martin kildal,auto_result_name,true,
skv-p000450,Sara Fixdal,sara fixdal,auto_result_name,true,
skv-p000451,Tobias Opdalshei Baumann,tobias opdalshei baumann,auto_result_name,true,
skv-p000452,Jens Kortner,jens kortner,auto_result_name,true,
skv-p000453,Jonas Grønn Jespersen,jonas gronn jespersen,auto_result_name,true,
skv-p000454,Kristoffer Werner Hansen,kristoffer werner hansen,auto_result_name,true,
skv-p000455,Veslemøy Rønnevik,veslemoy ronnevik,auto_result_name,true,
skv-p000456,Victor-Emmanuel Barbosa,victor emmanuel barbosa,auto_result_name,true,
skv-p000457,Victoria Rochelois,victoria rochelois,auto_result_name,true,
skv-p000458,Øzlem Akdas,ozlem akdas,auto_result_name,true,
skv-p000459,Gunnar Berthelsen,gunnar berthelsen,auto_result_name,true,
skv-p000460,Magnus Højen,magnus hojen,auto_result_name,true,
skv-p000461,Ole Petter K Schmedling,ole petter k schmedling,auto_result_name,true,
skv-p000462,Kari Lien Johnsen,kari lien johnsen,auto_result_name,true,
skv-p000463,Hannah Altmeier,hannah altmeier,auto_result_name,true,
skv-p000464,Marion Tibar,marion tibar,auto_result_name,true,
skv-p000465,Trond Inge Carlsen,trond inge carlsen,auto_result_name,true,
skv-p000466,Madelene Tronstad Sagebakken,madelene tronstad sagebakken,auto_result_name,true,
skv-p000467,Anne-Line Bøe Evenstad,anne line boe evenstad,auto_result_name,true,
skv-p000468,Håkon Mindrebøe,hakon mindreboe,auto_result_name,true,
skv-p000469,Mai Watson,mai watson,auto_result_name,true,
skv-p000470,Ole Viktor Ravna,ole viktor ravna,auto_result_name,true,
skv-p000471,Steinar Bøe Evenstad,steinar boe evenstad,auto_result_name,true,
skv-p000472,Vilja Gruben,vilja gruben,auto_result_name,true,
skv-p000473,Anja Kampenhøy,anja kampenhoy,auto_result_name,true,
skv-p000477,Olav Carlsson,olav carlsson,auto_result_name,true,
skv-p000478,Åsmund Skatvedt,asmund skatvedt,auto_result_name,true,
skv-p000480,Maren Thomasgaard,maren thomasgaard,auto_result_name,true,
skv-p000481,Remi Høiseth,remi hoiseth,auto_result_name,true,
skv-p000483,Thorkild Schrumpf,thorkild schrumpf,auto_result_name,true,
skv-p000484,Anniken Holst,anniken holst,auto_result_name,true,
skv-p000485,Hanne Marte Lie,hanne marte lie,auto_result_name,true,
skv-p000486,Hilde Gudem,hilde gudem,auto_result_name,true,
skv-p000487,Ida Widing,ida widing,auto_result_name,true,
skv-p000488,Lise Molden Stensrud,lise molden stensrud,auto_result_name,true,
skv-p000489,Mari Robøle Lien,mari robole lien,auto_result_name,true,
skv-p000490,Ulrika Axelsson,ulrika axelsson,auto_result_name,true,
skv-p000491,Cecilie L'orsa,cecilie lorsa,auto_result_name,true,
skv-p000492,Martine Svendsen,martine svendsen,auto_result_name,true,
skv-p000493,Ingrid Langevei Mæland,ingrid langevei maeland,auto_result_name,true,
skv-p000494,Børge Bårdsen,borge bardsen,auto_result_name,true,
skv-p000495,Leon Victor Wold,leon victor wold,auto_result_name,true,
skv-p000496,Alva Ertresvåg,alva ertresvag,auto_result_name,true,
skv-p000497,André Meløy Christensen,andre meloy christensen,auto_result_name,true,
skv-p000498,Andreas Husa,andreas husa,auto_result_name,true,
skv-p000499,Anniken Sletta,anniken sletta,auto_result_name,true,
skv-p000500,Benjamin Hol,benjamin hol,auto_result_name,true,
skv-p000501,Christoffer Christiansen Hagen,christoffer christiansen hagen,auto_result_name,true,
skv-p000502,Espen Bielke,espen bielke,auto_result_name,true,
skv-p000503,Hedda Njå Bjørkmann,hedda nja bjorkmann,auto_result_name,true,
skv-p000504,Johan Henrik Dragsten,johan henrik dragsten,auto_result_name,true,
skv-p000505,Jørgen Røkkum Vevang,jorgen rokkum vevang,auto_result_name,true,
skv-p000506,Kari Renslo Instefjord,kari renslo instefjord,auto_result_name,true,
skv-p000507,Karoline Klemp Petersen,karoline klemp petersen,auto_result_name,true,
skv-p000508,Kristian Lindalen Stenerud,kristian lindalen stenerud,auto_result_name,true,
skv-p000509,Kristina Axelsson,kristina axelsson,auto_result_name,true,
skv-p000510,Mari Kittelsen Gaardholm,mari kittelsen gaardholm,auto_result_name,true,
skv-p000511,Marit Brennhovd,marit brennhovd,auto_result_name,true,
skv-p000512,Marita Moe,marita moe,auto_result_name,true,
skv-p000513,Marius Persson Hårdnes,marius persson hardnes,auto_result_name,true,
skv-p000514,Mats Muluken Flogeland,mats muluken flogeland,auto_result_name,true,
skv-p000515,Øistein Øverberg,oistein overberg,auto_result_name,true,
skv-p000516,Robin Kunze,robin kunze,auto_result_name,true,
skv-p000517,Runa Skrove Falch,runa skrove falch,auto_result_name,true,
skv-p000518,Runar Østhaug,runar osthaug,auto_result_name,true,
skv-p000519,Sandra Bolstad,sandra bolstad,auto_result_name,true,
skv-p000520,Signy Karoline Kolstø,signy karoline kolsto,auto_result_name,true,
skv-p000521,Simon Tsuruta Pedersen,simon tsuruta pedersen,auto_result_name,true,
skv-p000522,Sofie Fosseli,sofie fosseli,auto_result_name,true,
skv-p000523,Terje Gravvold,terje gravvold,auto_result_name,true,
skv-p000367,Therese Årvik,therese arvik,manual_merge,true,
skv-p000525,Tormod Tho,tormod tho,auto_result_name,true,
skv-p000526,Cassandra Ødegård Nilsen,cassandra odegard nilsen,auto_result_name,true,
skv-p000527,Eline Heia,eline heia,auto_result_name,true,
skv-p000528,Kaja Mørch Pettersen,kaja morch pettersen,auto_result_name,true,
skv-p000529,Lina Svarlien,lina svarlien,auto_result_name,true,
skv-p000530,Malene Kollberg,malene kollberg,auto_result_name,true,
skv-p000531,Oda Lier,oda lier,auto_result_name,true,
skv-p000532,Simen Gimnes,simen gimnes,auto_result_name,true,
skv-p000533,Madeleine Heiberg Tr?mborg,madeleine heiberg tr mborg,auto_result_name,true,
skv-p000534,Thomas Nordb? Berg,thomas nordb berg,auto_result_name,true,
skv-p000535,Madeleine Heiberg Trømborg,madeleine heiberg tromborg,auto_result_name,true,
skv-p000536,Roisin Maria Long,roisin maria long,auto_result_name,true,
skv-p000537,Albert Bolstad,albert bolstad,auto_result_name,true,
skv-p000538,Anniken Holst-Berger,anniken holst berger,auto_result_name,true,
skv-p000539,Celine Håkestad,celine hakestad,auto_result_name,true,
skv-p000540,Erik Sørensen,erik sorensen,auto_result_name,true,
skv-p000541,Erlend Helgesen,erlend helgesen,auto_result_name,true,
skv-p000542,Erlend Holst-Berger,erlend holst berger,auto_result_name,true,
skv-p000543,Eskil Høstad,eskil hostad,auto_result_name,true,
skv-p000544,Fredrikke Dahle Varsla,fredrikke dahle varsla,auto_result_name,true,
skv-p000545,Simen Havik,simen havik,auto_result_name,true,
skv-p000546,Mari Kverneland Simensen,mari kverneland simensen,auto_result_name,true,
skv-p000008,Aleksander,aleksander,manual_match_decision,true,
skv-p000497,Andre Christensen,andre christensen,manual_match_decision,true,
skv-p000547,Ingvild Tveita,ingvild tveita,auto_result_name,true,
skv-p000548,Runar Gilberg,runar gilberg,auto_result_name,true,
skv-p000549,Eivind Klokkehaug,eivind klokkehaug,auto_result_name,true,
skv-p000550,Sverre Rynning-Tønnesen,sverre rynning tonnesen,auto_result_name,true,
skv-p000551,Nora Duvaland *,nora duvaland,auto_result_name,true,
skv-p000552,Søren Fredriksen,soren fredriksen,auto_result_name,true,
skv-p000553,Harald Solhaug Næss,harald solhaug naess,auto_result_name,true,
skv-p000554,Scott Gary Randall,scott gary randall,auto_result_name,true,
skv-p000555,Åsmund Eek,asmund eek,auto_result_name,true,
skv-p000556,Daniel Eikeland,daniel eikeland,auto_result_name,true,
skv-p000557,Håvard Eggen,havard eggen,auto_result_name,true,
skv-p000558,Inger Njølstad,inger njolstad,auto_result_name,true,
skv-p000559,Kasper Furnesvik,kasper furnesvik,auto_result_name,true,
skv-p000560,Sven Axel Kilander,sven axel kilander,auto_result_name,true,
skv-p000561,Fabien Cohadon,fabien cohadon,auto_result_name,true,
skv-p000011,Alva Ertresvåg,alva ertresvag,manual_match_decision,true,
skv-p000296,Sofie Fosseli,sofie fosseli,manual_match_decision,true,
skv-p000269,Runar Østhaug,runar osthaug,manual_match_decision,true,
skv-p000350,Elin Lippe Stavnes,elin lippe stavnes,manual_match_decision,true,
skv-p000105,Håvard Eggen,havard eggen,manual_match_decision,true,
skv-p000162,Kara Hua Meunier,kara hua meunier,manual_match_decision,true,
skv-p000393,Erlend Holst-Berger,erlend holst berger,manual_match_decision,true,
skv-p000088,Fredrik Halsbog,fredrik halsbog,manual_match_decision,true,
skv-p000175,Kristian Lindalen Stenerud,kristian lindalen stenerud,manual_match_decision,true,
skv-p000267,Roisin Maria Long,roisin maria long,manual_match_decision,true,
skv-p000331,Tormod Tho,tormod tho,manual_match_decision,true,
skv-p000048,Christoffer Christiansen Hagen,christoffer christiansen hagen,manual_match_decision,true,
skv-p000281,Sigve Aalmo,sigve aalmo,manual_match_decision,true,
skv-p000201,Mari Grønning Vatn,mari gronning vatn,manual_match_decision,true,
skv-p000404,Madeleine Heiberg Tr?mborg,madeleine heiberg tr mborg,manual_match_decision,true,
skv-p000404,Madeleine Heiberg Trømborg,madeleine heiberg tromborg,manual_preferred_name,true,
skv-p000484,Anniken Holst-Berger,anniken holst berger,manual_match_decision,true,
skv-p000380,Bjarni Herrera,bjarni herrera,manual_match_decision,true,
skv-p000165,Kari Renslo Instefjord,kari renslo instefjord,manual_match_decision,true,
skv-p000322,Thomas Nordb? Berg,thomas nordb berg,manual_match_decision,true,
skv-p000102,Hanne Marte Lie,hanne marte lie,manual_match_decision,true,
skv-p000357,Madelene Tronstad Sagebakken,madelene tronstad sagebakken,manual_match_decision,true,
skv-p000562,Mats Høyset,mats hoyset,auto_result_name,true,
skv-p000563,Arne Gilberg,arne gilberg,auto_result_name,true,
skv-p000564,Lars-Fredrik Forberg,lars fredrik forberg,auto_result_name,true,
